timestamp,temp,humidity,solar_irradiance,occupancy,hour_sin,hour_cos,day_sin,day_cos,month_sin,month_cos,is_weekend,is_holiday,total_kwh,ac,fridge,ev_charger,washing_machine,induction,fans_lights,solar_gen,lag_total_1h
2025-12-25 00:00:00,10.56,74.69,0.0,1.0,0.0,1.0,0.4339,-0.901,-0.0,1.0,0.0,1.0,3.3276,0.0514,0.1018,2.8,0.0,0.0298,0.24,0.0,3.3836
2025-12-25 01:00:00,8.89,75.75,0.0,1.0,0.2588,0.9659,0.4339,-0.901,-0.0,1.0,0.0,1.0,0.5186,0.0466,0.0976,0.0,0.0,0.029,0.24,0.0,3.3276
2025-12-25 02:00:00,8.16,77.91,0.0,1.0,0.5,0.866,0.4339,-0.901,-0.0,1.0,0.0,1.0,0.5189,0.0519,0.0986,0.0,0.0,0.0215,0.24,0.0,0.5186
2025-12-25 03:00:00,7.9,76.16,0.0,1.0,0.7071,0.7071,0.4339,-0.901,-0.0,1.0,0.0,1.0,3.3134,0.045,0.0973,2.8,0.0,0.0286,0.24,0.0,0.5189
2025-12-25 04:00:00,8.04,75.46,0.0,1.0,0.866,0.5,0.4339,-0.901,-0.0,1.0,0.0,1.0,0.5216,0.0521,0.0967,0.0,0.0,0.0262,0.24,0.0,3.3134
2025-12-25 05:00:00,9.21,75.44,0.0,1.0,0.9659,0.2588,0.4339,-0.901,-0.0,1.0,0.0,1.0,0.5137,0.0505,0.097,0.0,0.0,0.0202,0.24,0.0,0.5216
2025-12-25 06:00:00,9.5,74.86,0.0,2.0,1.0,0.0,0.4339,-0.901,-0.0,1.0,0.0,1.0,0.5789,0.0476,0.1001,0.0,0.0,0.0276,0.3,0.0,0.5137
2025-12-25 07:00:00,11.34,71.92,233.0,2.0,0.9659,-0.2588,0.4339,-0.901,-0.0,1.0,0.0,1.0,0.4361,0.053,0.1017,0.0,0.0,0.0241,0.15,0.9494,0.5789
2025-12-25 08:00:00,12.66,69.77,416.8,2.0,0.866,-0.5,0.4339,-0.901,-0.0,1.0,0.0,1.0,0.429,0.0491,0.1035,0.0,0.0,0.024,0.15,1.6974,0.4361
2025-12-25 09:00:00,14.21,68.57,619.6,4.0,0.7071,-0.7071,0.4339,-0.901,-0.0,1.0,0.0,1.0,0.5571,0.0499,0.1059,0.0,0.0,0.0238,0.27,2.4835,0.429
2025-12-25 10:00:00,17.06,65.92,749.8,4.0,0.5,-0.866,0.4339,-0.901,-0.0,1.0,0.0,1.0,1.3049,0.0453,0.1093,0.0,0.75,0.026,0.27,3.0074,0.5571
2025-12-25 11:00:00,17.87,63.68,836.7,4.0,0.2588,-0.9659,0.4339,-0.901,-0.0,1.0,0.0,1.0,1.3166,0.049,0.1136,0.0,0.75,0.0271,0.27,3.3857,1.3049
2025-12-25 12:00:00,19.28,62.03,843.5,4.0,0.0,-1.0,0.4339,-0.901,-0.0,1.0,0.0,1.0,1.5795,0.0467,0.1134,0.0,0.0,1.0465,0.27,3.4019,1.3166
2025-12-25 13:00:00,20.5,59.86,805.0,4.0,-0.2588,-0.9659,0.4339,-0.901,-0.0,1.0,0.0,1.0,1.5825,0.0478,0.1169,0.0,0.0,1.0424,0.27,3.2395,1.5795
2025-12-25 14:00:00,20.25,58.98,725.3,4.0,-0.5,-0.866,0.4339,-0.901,-0.0,1.0,0.0,1.0,1.5813,0.0475,0.1145,0.0,0.0,1.0471,0.27,2.922,1.5825
2025-12-25 15:00:00,21.59,59.39,596.6,4.0,-0.7071,-0.7071,0.4339,-0.901,-0.0,1.0,0.0,1.0,0.5595,0.0455,0.1191,0.0,0.0,0.0214,0.27,2.3995,1.5813
2025-12-25 16:00:00,19.87,58.4,401.3,4.0,-0.866,-0.5,0.4339,-0.901,-0.0,1.0,0.0,1.0,0.5716,0.0496,0.1153,0.0,0.0,0.0297,0.27,1.6067,0.5595
2025-12-25 17:00:00,19.83,58.83,215.2,5.0,-0.9659,-0.2588,0.4339,-0.901,-0.0,1.0,0.0,1.0,0.6259,0.0502,0.1163,0.0,0.0,0.0247,0.33,0.8612,0.5716
2025-12-25 18:00:00,18.91,61.31,0.0,3.0,-1.0,-0.0,0.4339,-0.901,-0.0,1.0,0.0,1.0,0.5002,0.0507,0.1126,0.0,0.0,0.0209,0.21,0.0,0.6259
2025-12-25 19:00:00,17.93,64.01,0.0,4.0,-0.9659,0.2588,0.4339,-0.901,-0.0,1.0,0.0,1.0,1.734,0.0496,0.1117,0.0,0.0,1.0458,0.42,0.0,0.5002
2025-12-25 20:00:00,16.23,65.8,0.0,3.0,-0.866,0.5,0.4339,-0.901,-0.0,1.0,0.0,1.0,1.5431,0.0537,0.1084,0.0,0.0,0.9158,0.36,0.0,1.734
2025-12-25 21:00:00,14.42,68.51,0.0,2.0,-0.7071,0.7071,0.4339,-0.901,-0.0,1.0,0.0,1.0,1.3389,0.0454,0.1076,0.0,0.0,0.7804,0.3,0.0,1.5431
2025-12-25 22:00:00,12.79,69.15,0.0,5.0,-0.5,0.866,0.4339,-0.901,-0.0,1.0,0.0,1.0,0.7607,0.0511,0.1029,0.0,0.0,0.0201,0.48,0.0,1.3389
2025-12-25 23:00:00,10.88,72.74,0.0,2.0,-0.2588,0.9659,0.4339,-0.901,-0.0,1.0,0.0,1.0,0.5882,0.0537,0.1019,0.0,0.0,0.03,0.3,0.0,0.7607
2025-12-26 00:00:00,9.35,74.83,0.0,1.0,0.0,1.0,-0.4339,-0.901,-0.0,1.0,0.0,0.0,0.5092,0.0454,0.0975,0.0,0.0,0.0239,0.24,0.0,0.5882
2025-12-26 01:00:00,9.1,75.07,0.0,1.0,0.2588,0.9659,-0.4339,-0.901,-0.0,1.0,0.0,0.0,3.3185,0.05,0.1003,2.8,0.0,0.0225,0.24,0.0,0.5092
2025-12-26 02:00:00,8.44,77.31,0.0,1.0,0.5,0.866,-0.4339,-0.901,-0.0,1.0,0.0,0.0,0.5214,0.0509,0.0972,0.0,0.0,0.0255,0.24,0.0,3.3185
2025-12-26 03:00:00,8.53,77.03,0.0,1.0,0.7071,0.7071,-0.4339,-0.901,-0.0,1.0,0.0,0.0,0.509,0.0469,0.0962,0.0,0.0,0.0201,0.24,0.0,0.5214
2025-12-26 04:00:00,7.92,78.63,0.0,1.0,0.866,0.5,-0.4339,-0.901,-0.0,1.0,0.0,0.0,0.5087,0.0475,0.0948,0.0,0.0,0.0201,0.24,0.0,0.509
2025-12-26 05:00:00,9.09,74.57,0.0,1.0,0.9659,0.2588,-0.4339,-0.901,-0.0,1.0,0.0,0.0,0.5178,0.0529,0.0979,0.0,0.0,0.0211,0.24,0.0,0.5087
2025-12-26 06:00:00,9.78,75.26,6.3,2.0,1.0,0.0,-0.4339,-0.901,-0.0,1.0,0.0,0.0,0.5855,0.0507,0.1012,0.0,0.0,0.028,0.3,0.0254,0.5178
2025-12-26 07:00:00,11.64,72.31,230.1,1.0,0.9659,-0.2588,-0.4339,-0.901,-0.0,1.0,0.0,0.0,0.365,0.0482,0.1012,0.0,0.0,0.0225,0.09,0.9418,0.5855
2025-12-26 08:00:00,13.15,69.38,424.2,2.0,0.866,-0.5,-0.4339,-0.901,-0.0,1.0,0.0,0.0,0.4409,0.0526,0.1062,0.0,0.0,0.025,0.15,1.7198,0.365
2025-12-26 09:00:00,14.55,67.68,599.4,1.0,0.7071,-0.7071,-0.4339,-0.901,-0.0,1.0,0.0,0.0,1.1271,0.0525,0.1069,0.0,0.75,0.0222,0.09,2.4257,0.4409
2025-12-26 10:00:00,16.04,65.81,741.0,1.0,0.5,-0.866,-0.4339,-0.901,-0.0,1.0,0.0,0.0,1.1326,0.0485,0.1109,0.0,0.75,0.0254,0.09,3.0182,1.1271
2025-12-26 11:00:00,18.06,64.07,802.7,0.0,0.2588,-0.9659,-0.4339,-0.901,-0.0,1.0,0.0,0.0,0.3118,0.0499,0.1144,0.0,0.0,0.0251,0.02,3.2386,1.1326
2025-12-26 12:00:00,19.3,62.6,838.9,0.0,0.0,-1.0,-0.4339,-0.901,-0.0,1.0,0.0,0.0,0.8163,0.0516,0.1169,0.0,0.0,0.524,0.02,3.3475,0.3118
2025-12-26 13:00:00,19.86,60.97,813.1,1.0,-0.2588,-0.9659,-0.4339,-0.901,-0.0,1.0,0.0,0.0,1.0094,0.0484,0.1141,0.0,0.0,0.6543,0.09,3.3405,0.8163
2025-12-26 14:00:00,20.29,58.63,731.6,0.0,-0.5,-0.866,-0.4339,-0.901,-0.0,1.0,0.0,0.0,0.8226,0.0513,0.1176,0.0,0.0,0.5265,0.02,2.9845,1.0094
2025-12-26 15:00:00,20.87,59.58,592.2,1.0,-0.7071,-0.7071,-0.4339,-0.901,-0.0,1.0,0.0,0.0,0.3885,0.0475,0.1157,0.0,0.0,0.0284,0.09,2.4345,0.8226
2025-12-26 16:00:00,21.28,59.44,428.3,0.0,-0.866,-0.5,-0.4339,-0.901,-0.0,1.0,0.0,0.0,0.3151,0.0479,0.1173,0.0,0.0,0.0232,0.02,1.7549,0.3885
2025-12-26 17:00:00,20.5,59.73,220.8,3.0,-0.9659,-0.2588,-0.4339,-0.901,-0.0,1.0,0.0,0.0,0.5069,0.0481,0.1174,0.0,0.0,0.0253,0.21,0.8914,0.3151
2025-12-26 18:00:00,18.68,61.44,13.9,3.0,-1.0,-0.0,-0.4339,-0.901,-0.0,1.0,0.0,0.0,0.5092,0.0544,0.1137,0.0,0.0,0.0285,0.21,0.0562,0.5069
2025-12-26 19:00:00,17.32,63.02,0.0,4.0,-0.9659,0.2588,-0.4339,-0.901,-0.0,1.0,0.0,0.0,1.7314,0.0533,0.112,0.0,0.0,1.0417,0.42,0.0,0.5092
2025-12-26 20:00:00,16.6,65.67,0.0,3.0,-0.866,0.5,-0.4339,-0.901,-0.0,1.0,0.0,0.0,1.5491,0.0507,0.1124,0.0,0.0,0.9198,0.36,0.0,1.7314
2025-12-26 21:00:00,14.08,67.56,0.0,5.0,-0.7071,0.7071,-0.4339,-0.901,-0.0,1.0,0.0,0.0,1.9201,0.0506,0.1078,0.0,0.0,1.1775,0.48,0.0,1.5491
2025-12-26 22:00:00,12.97,69.74,0.0,5.0,-0.5,0.866,-0.4339,-0.901,-0.0,1.0,0.0,0.0,0.7597,0.0456,0.1042,0.0,0.0,0.0237,0.48,0.0,1.9201
2025-12-26 23:00:00,11.01,72.84,0.0,2.0,-0.2588,0.9659,-0.4339,-0.901,-0.0,1.0,0.0,0.0,3.381,0.0515,0.102,2.8,0.0,0.0238,0.3,0.0,0.7597
2025-12-27 00:00:00,10.44,74.81,0.0,1.0,0.0,1.0,-0.9749,-0.2225,-0.0,1.0,1.0,0.0,3.3145,0.0483,0.0989,2.8,0.0,0.0221,0.24,0.0,3.381
2025-12-27 01:00:00,8.57,75.77,0.0,1.0,0.2588,0.9659,-0.9749,-0.2225,-0.0,1.0,1.0,0.0,0.5155,0.0511,0.0975,0.0,0.0,0.0227,0.24,0.0,3.3145
2025-12-27 02:00:00,8.6,77.61,0.0,1.0,0.5,0.866,-0.9749,-0.2225,-0.0,1.0,1.0,0.0,3.325,0.0534,0.0982,2.8,0.0,0.0259,0.24,0.0,0.5155
2025-12-27 03:00:00,8.04,76.94,0.0,1.0,0.7071,0.7071,-0.9749,-0.2225,-0.0,1.0,1.0,0.0,3.3079,0.0455,0.0977,2.8,0.0,0.02,0.24,0.0,3.325
2025-12-27 04:00:00,8.28,76.61,0.0,1.0,0.866,0.5,-0.9749,-0.2225,-0.0,1.0,1.0,0.0,3.3139,0.0511,0.0989,2.8,0.0,0.0202,0.24,0.0,3.3079
2025-12-27 05:00:00,8.15,76.28,0.0,1.0,0.9659,0.2588,-0.9749,-0.2225,-0.0,1.0,1.0,0.0,0.519,0.0506,0.0962,0.0,0.0,0.0299,0.24,0.0,3.3139
2025-12-27 06:00:00,9.11,74.36,1.4,2.0,1.0,0.0,-0.9749,-0.2225,-0.0,1.0,1.0,0.0,0.5725,0.0471,0.1002,0.0,0.0,0.0224,0.3,0.0057,0.519
2025-12-27 07:00:00,11.15,72.6,210.5,2.0,0.9659,-0.2588,-0.9749,-0.2225,-0.0,1.0,1.0,0.0,0.4376,0.0515,0.1025,0.0,0.0,0.0283,0.15,0.854,0.5725
2025-12-27 08:00:00,12.88,68.84,426.6,1.0,0.866,-0.5,-0.9749,-0.2225,-0.0,1.0,1.0,0.0,0.3758,0.0505,0.1029,0.0,0.0,0.0261,0.09,1.7044,0.4376
2025-12-27 09:00:00,14.08,68.01,592.2,4.0,0.7071,-0.7071,-0.9749,-0.2225,-0.0,1.0,1.0,0.0,0.5609,0.0527,0.106,0.0,0.0,0.0245,0.27,2.3799,0.3758
2025-12-27 10:00:00,15.78,64.55,737.7,4.0,0.5,-0.866,-0.9749,-0.2225,-0.0,1.0,1.0,0.0,0.5582,0.0461,0.1091,0.0,0.0,0.0273,0.27,2.9736,0.5609
2025-12-27 11:00:00,17.92,62.72,834.4,4.0,0.2588,-0.9659,-0.9749,-0.2225,-0.0,1.0,1.0,0.0,0.5581,0.0494,0.1121,0.0,0.0,0.0205,0.27,3.3304,0.5582
2025-12-27 12:00:00,19.27,60.76,852.6,4.0,0.0,-1.0,-0.9749,-0.2225,-0.0,1.0,1.0,0.0,1.5915,0.055,0.1133,0.0,0.0,1.0476,0.27,3.4358,0.5581
2025-12-27 13:00:00,20.05,59.49,824.3,4.0,-0.2588,-0.9659,-0.9749,-0.2225,-0.0,1.0,1.0,0.0,1.5942,0.0519,0.1163,0.0,0.0,1.0486,0.27,3.3454,1.5915
2025-12-27 14:00:00,21.03,58.88,744.3,4.0,-0.5,-0.866,-0.9749,-0.2225,-0.0,1.0,1.0,0.0,1.5846,0.0518,0.1162,0.0,0.0,1.0428,0.27,2.9715,1.5942
2025-12-27 15:00:00,20.56,58.61,587.0,4.0,-0.7071,-0.7071,-0.9749,-0.2225,-0.0,1.0,1.0,0.0,0.5654,0.0482,0.1186,0.0,0.0,0.023,0.27,2.3815,1.5846
2025-12-27 16:00:00,20.63,59.61,442.2,4.0,-0.866,-0.5,-0.9749,-0.2225,-0.0,1.0,1.0,0.0,0.5632,0.0459,0.1185,0.0,0.0,0.021,0.27,1.8089,0.5654
2025-12-27 17:00:00,20.68,60.25,209.4,3.0,-0.9659,-0.2588,-0.9749,-0.2225,-0.0,1.0,1.0,0.0,0.5121,0.0545,0.117,0.0,0.0,0.0286,0.21,0.8395,0.5632
2025-12-27 18:00:00,19.09,60.42,8.8,3.0,-1.0,-0.0,-0.9749,-0.2225,-0.0,1.0,1.0,0.0,0.5006,0.0461,0.1128,0.0,0.0,0.0281,0.21,0.0362,0.5121
2025-12-27 19:00:00,17.77,63.5,0.0,2.0,-0.9659,0.2588,-0.9749,-0.2225,-0.0,1.0,1.0,0.0,1.3584,0.0549,0.1126,0.0,0.0,0.7843,0.3,0.0,0.5006
2025-12-27 20:00:00,16.96,65.84,0.0,3.0,-0.866,0.5,-0.9749,-0.2225,-0.0,1.0,1.0,0.0,1.5364,0.0463,0.1115,0.0,0.0,0.9138,0.36,0.0,1.3584
2025-12-27 21:00:00,13.98,67.8,0.0,3.0,-0.7071,0.7071,-0.9749,-0.2225,-0.0,1.0,1.0,0.0,1.5319,0.0467,0.1079,0.0,0.0,0.9143,0.36,0.0,1.5364
2025-12-27 22:00:00,13.07,70.32,0.0,3.0,-0.5,0.866,-0.9749,-0.2225,-0.0,1.0,1.0,0.0,0.6409,0.0481,0.1032,0.0,0.0,0.0242,0.36,0.0,1.5319
2025-12-27 23:00:00,11.81,72.66,0.0,2.0,-0.2588,0.9659,-0.9749,-0.2225,-0.0,1.0,1.0,0.0,0.5832,0.0501,0.1037,0.0,0.0,0.0243,0.3,0.0,0.6409
2025-12-28 00:00:00,9.76,74.89,0.0,1.0,0.0,1.0,-0.7818,0.6235,-0.0,1.0,1.0,0.0,3.319,0.0529,0.0999,2.8,0.0,0.0215,0.24,0.0,0.5832
2025-12-28 01:00:00,9.15,74.94,0.0,1.0,0.2588,0.9659,-0.7818,0.6235,-0.0,1.0,1.0,0.0,0.5162,0.0547,0.0973,0.0,0.0,0.0201,0.24,0.0,3.319
2025-12-28 02:00:00,7.85,76.64,0.0,1.0,0.5,0.866,-0.7818,0.6235,-0.0,1.0,1.0,0.0,0.5136,0.0486,0.095,0.0,0.0,0.0276,0.24,0.0,0.5162
2025-12-28 03:00:00,7.73,78.01,0.0,1.0,0.7071,0.7071,-0.7818,0.6235,-0.0,1.0,1.0,0.0,0.5114,0.0452,0.0971,0.0,0.0,0.0234,0.24,0.0,0.5136
2025-12-28 04:00:00,8.33,77.64,0.0,1.0,0.866,0.5,-0.7818,0.6235,-0.0,1.0,1.0,0.0,0.5179,0.0512,0.0967,0.0,0.0,0.0249,0.24,0.0,0.5114
2025-12-28 05:00:00,9.12,76.39,0.0,1.0,0.9659,0.2588,-0.7818,0.6235,-0.0,1.0,1.0,0.0,0.5213,0.0521,0.1006,0.0,0.0,0.0231,0.24,0.0,0.5179
2025-12-28 06:00:00,10.27,74.76,2.6,1.0,1.0,0.0,-0.7818,0.6235,-0.0,1.0,1.0,0.0,0.5168,0.049,0.102,0.0,0.0,0.0238,0.24,0.0106,0.5213
2025-12-28 07:00:00,11.77,73.54,205.8,2.0,0.9659,-0.2588,-0.7818,0.6235,-0.0,1.0,1.0,0.0,0.4232,0.0468,0.1031,0.0,0.0,0.0207,0.15,0.825,0.5168
2025-12-28 08:00:00,12.77,71.51,422.6,2.0,0.866,-0.5,-0.7818,0.6235,-0.0,1.0,1.0,0.0,0.4298,0.0481,0.105,0.0,0.0,0.0237,0.15,1.7035,0.4232
2025-12-28 09:00:00,14.89,67.92,606.8,4.0,0.7071,-0.7071,-0.7818,0.6235,-0.0,1.0,1.0,0.0,1.3073,0.0516,0.1065,0.0,0.75,0.0246,0.27,2.4888,0.4298
2025-12-28 10:00:00,16.04,65.06,742.9,4.0,0.5,-0.866,-0.7818,0.6235,-0.0,1.0,1.0,0.0,0.5664,0.0499,0.1112,0.0,0.0,0.0283,0.27,3.0264,1.3073
2025-12-28 11:00:00,18.04,63.29,802.4,4.0,0.2588,-0.9659,-0.7818,0.6235,-0.0,1.0,1.0,0.0,0.5618,0.0524,0.1127,0.0,0.0,0.0232,0.27,3.2892,0.5664
2025-12-28 12:00:00,19.14,63.42,857.1,4.0,0.0,-1.0,-0.7818,0.6235,-0.0,1.0,1.0,0.0,1.5796,0.0472,0.1147,0.0,0.0,1.0409,0.27,3.5145,0.5618
2025-12-28 13:00:00,20.26,59.18,818.6,4.0,-0.2588,-0.9659,-0.7818,0.6235,-0.0,1.0,1.0,0.0,1.5923,0.0534,0.1179,0.0,0.0,1.0476,0.27,3.3205,1.5796
2025-12-28 14:00:00,20.9,58.93,734.3,4.0,-0.5,-0.866,-0.7818,0.6235,-0.0,1.0,1.0,0.0,1.5823,0.0466,0.1155,0.0,0.0,1.0438,0.27,2.9701,1.5923
2025-12-28 15:00:00,20.41,58.05,577.4,4.0,-0.7071,-0.7071,-0.7818,0.6235,-0.0,1.0,1.0,0.0,0.5713,0.0483,0.1166,0.0,0.0,0.0292,0.27,2.335,1.5823
2025-12-28 16:00:00,20.36,59.28,439.9,4.0,-0.866,-0.5,-0.7818,0.6235,-0.0,1.0,1.0,0.0,0.5745,0.0509,0.1171,0.0,0.0,0.0296,0.27,1.78,0.5713
2025-12-28 17:00:00,20.14,59.4,221.8,3.0,-0.9659,-0.2588,-0.7818,0.6235,-0.0,1.0,1.0,0.0,0.5124,0.0524,0.1149,0.0,0.0,0.0287,0.21,0.9113,0.5745
2025-12-28 18:00:00,18.48,61.5,0.0,3.0,-1.0,-0.0,-0.7818,0.6235,-0.0,1.0,1.0,0.0,0.494,0.0477,0.1118,0.0,0.0,0.0223,0.21,0.0,0.5124
2025-12-28 19:00:00,18.01,62.28,0.0,3.0,-0.9659,0.2588,-0.7818,0.6235,-0.0,1.0,1.0,0.0,1.544,0.0545,0.113,0.0,0.0,0.9125,0.36,0.0,0.494
2025-12-28 20:00:00,16.46,66.02,0.0,3.0,-0.866,0.5,-0.7818,0.6235,-0.0,1.0,1.0,0.0,1.5437,0.0521,0.1105,0.0,0.0,0.9179,0.36,0.0,1.544
2025-12-28 21:00:00,14.59,68.73,0.0,4.0,-0.7071,0.7071,-0.7818,0.6235,-0.0,1.0,1.0,0.0,1.7231,0.0472,0.1067,0.0,0.0,1.0445,0.42,0.0,1.5437
2025-12-28 22:00:00,12.4,70.12,0.0,2.0,-0.5,0.866,-0.7818,0.6235,-0.0,1.0,1.0,0.0,0.5847,0.0523,0.1054,0.0,0.0,0.023,0.3,0.0,1.7231
2025-12-28 23:00:00,11.71,72.47,0.0,2.0,-0.2588,0.9659,-0.7818,0.6235,-0.0,1.0,1.0,0.0,3.3825,0.052,0.1019,2.8,0.0,0.0229,0.3,0.0,0.5847
2025-12-29 00:00:00,10.59,74.34,0.0,1.0,0.0,1.0,0.0,1.0,-0.0,1.0,0.0,0.0,3.3247,0.0525,0.101,2.8,0.0,0.0258,0.24,0.0,3.3825
2025-12-29 01:00:00,8.9,75.99,0.0,1.0,0.2588,0.9659,0.0,1.0,-0.0,1.0,0.0,0.0,0.5247,0.0542,0.097,0.0,0.0,0.029,0.24,0.0,3.3247
2025-12-29 02:00:00,8.37,76.77,0.0,1.0,0.5,0.866,0.0,1.0,-0.0,1.0,0.0,0.0,3.3204,0.0521,0.0954,2.8,0.0,0.0262,0.24,0.0,0.5247
2025-12-29 03:00:00,8.04,77.56,0.0,1.0,0.7071,0.7071,0.0,1.0,-0.0,1.0,0.0,0.0,0.5134,0.0485,0.0966,0.0,0.0,0.0262,0.24,0.0,3.3204
2025-12-29 04:00:00,8.38,77.53,0.0,1.0,0.866,0.5,0.0,1.0,-0.0,1.0,0.0,0.0,3.3251,0.0529,0.0975,2.8,0.0,0.0275,0.24,0.0,0.5134
2025-12-29 05:00:00,8.8,75.39,0.0,1.0,0.9659,0.2588,0.0,1.0,-0.0,1.0,0.0,0.0,0.5207,0.052,0.0991,0.0,0.0,0.0276,0.24,0.0,3.3251
2025-12-29 06:00:00,9.87,74.25,16.0,1.0,1.0,0.0,0.0,1.0,-0.0,1.0,0.0,0.0,0.5241,0.0507,0.0996,0.0,0.0,0.0291,0.24,0.0641,0.5207
2025-12-29 07:00:00,11.54,73.09,239.3,2.0,0.9659,-0.2588,0.0,1.0,-0.0,1.0,0.0,0.0,0.429,0.0485,0.1016,0.0,0.0,0.0216,0.15,0.9657,0.5241
2025-12-29 08:00:00,13.61,69.5,420.5,1.0,0.866,-0.5,0.0,1.0,-0.0,1.0,0.0,0.0,0.3848,0.0542,0.1062,0.0,0.0,0.0298,0.09,1.6795,0.429
2025-12-29 09:00:00,13.98,66.82,587.2,0.0,0.7071,-0.7071,0.0,1.0,-0.0,1.0,0.0,0.0,0.3058,0.0501,0.1059,0.0,0.0,0.0233,0.02,2.3689,0.3848
2025-12-29 10:00:00,16.12,65.78,739.5,0.0,0.5,-0.866,0.0,1.0,-0.0,1.0,0.0,0.0,0.3072,0.0513,0.1087,0.0,0.0,0.0228,0.02,2.9948,0.3058
2025-12-29 11:00:00,17.31,63.75,816.2,0.0,0.2588,-0.9659,0.0,1.0,-0.0,1.0,0.0,0.0,0.3147,0.0492,0.1133,0.0,0.0,0.0251,0.02,3.2935,0.3072
2025-12-29 12:00:00,19.63,61.13,861.7,0.0,0.0,-1.0,0.0,1.0,-0.0,1.0,0.0,0.0,0.819,0.0528,0.1156,0.0,0.0,0.5226,0.02,3.5221,0.3147
2025-12-29 13:00:00,19.9,59.77,813.2,1.0,-0.2588,-0.9659,0.0,1.0,-0.0,1.0,0.0,0.0,1.0128,0.0484,0.1146,0.0,0.0,0.6523,0.09,3.2733,0.819
2025-12-29 14:00:00,20.25,58.75,741.6,0.0,-0.5,-0.866,0.0,1.0,-0.0,1.0,0.0,0.0,0.8222,0.0531,0.1171,0.0,0.0,0.5297,0.02,2.9658,1.0128
2025-12-29 15:00:00,21.2,58.38,602.2,0.0,-0.7071,-0.7071,0.0,1.0,-0.0,1.0,0.0,0.0,0.3091,0.0461,0.1191,0.0,0.0,0.021,0.02,2.4178,0.8222
2025-12-29 16:00:00,21.36,59.63,418.2,1.0,-0.866,-0.5,0.0,1.0,-0.0,1.0,0.0,0.0,0.3965,0.0521,0.1192,0.0,0.0,0.0299,0.09,1.712,0.3091
2025-12-29 17:00:00,20.34,59.41,222.4,3.0,-0.9659,-0.2588,0.0,1.0,-0.0,1.0,0.0,0.0,0.5107,0.0498,0.1169,0.0,0.0,0.0262,0.21,0.9052,0.3965
2025-12-29 18:00:00,19.14,61.41,8.8,3.0,-1.0,-0.0,0.0,1.0,-0.0,1.0,0.0,0.0,0.5107,0.052,0.1147,0.0,0.0,0.0296,0.21,0.0357,0.5107
2025-12-29 19:00:00,17.87,62.91,0.0,3.0,-0.9659,0.2588,0.0,1.0,-0.0,1.0,0.0,0.0,1.5466,0.0503,0.1137,0.0,0.0,0.919,0.36,0.0,0.5107
2025-12-29 20:00:00,16.65,64.77,0.0,4.0,-0.866,0.5,0.0,1.0,-0.0,1.0,0.0,0.0,1.7321,0.0463,0.1115,0.0,0.0,1.0465,0.42,0.0,1.5466
2025-12-29 21:00:00,14.17,68.52,0.0,4.0,-0.7071,0.7071,0.0,1.0,-0.0,1.0,0.0,0.0,1.7289,0.0498,0.107,0.0,0.0,1.0459,0.42,0.0,1.7321
2025-12-29 22:00:00,12.75,70.04,0.0,5.0,-0.5,0.866,0.0,1.0,-0.0,1.0,0.0,0.0,0.7762,0.0546,0.105,0.0,0.0,0.0299,0.48,0.0,1.7289
2025-12-29 23:00:00,11.07,72.66,0.0,2.0,-0.2588,0.9659,0.0,1.0,-0.0,1.0,0.0,0.0,0.5807,0.0525,0.1004,0.0,0.0,0.0252,0.3,0.0,0.7762
2025-12-30 00:00:00,9.47,73.53,0.0,1.0,0.0,1.0,0.7818,0.6235,-0.0,1.0,0.0,0.0,0.5106,0.048,0.0972,0.0,0.0,0.0218,0.24,0.0,0.5807
2025-12-30 01:00:00,8.73,75.44,0.0,1.0,0.2588,0.9659,0.7818,0.6235,-0.0,1.0,0.0,0.0,0.5291,0.0544,0.0997,0.0,0.0,0.0299,0.24,0.0,0.5106
2025-12-30 02:00:00,8.58,77.24,0.0,1.0,0.5,0.866,0.7818,0.6235,-0.0,1.0,0.0,0.0,0.5219,0.0528,0.0995,0.0,0.0,0.0232,0.24,0.0,0.5291
2025-12-30 03:00:00,8.17,78.65,0.0,1.0,0.7071,0.7071,0.7818,0.6235,-0.0,1.0,0.0,0.0,0.5118,0.0486,0.0982,0.0,0.0,0.0209,0.24,0.0,0.5219
2025-12-30 04:00:00,8.42,75.6,0.0,1.0,0.866,0.5,0.7818,0.6235,-0.0,1.0,0.0,0.0,3.3184,0.051,0.097,2.8,0.0,0.0272,0.24,0.0,0.5118
2025-12-30 05:00:00,8.9,75.76,0.0,1.0,0.9659,0.2588,0.7818,0.6235,-0.0,1.0,0.0,0.0,0.5152,0.0493,0.0968,0.0,0.0,0.0245,0.24,0.0,3.3184
2025-12-30 06:00:00,10.06,74.68,17.8,2.0,1.0,0.0,0.7818,0.6235,-0.0,1.0,0.0,0.0,0.5739,0.046,0.0995,0.0,0.0,0.0239,0.3,0.073,0.5152
2025-12-30 07:00:00,10.94,72.18,220.6,2.0,0.9659,-0.2588,0.7818,0.6235,-0.0,1.0,0.0,0.0,0.439,0.0531,0.1024,0.0,0.0,0.0263,0.15,0.9072,0.5739
2025-12-30 08:00:00,12.68,70.86,437.6,2.0,0.866,-0.5,0.7818,0.6235,-0.0,1.0,0.0,0.0,0.4287,0.0469,0.1036,0.0,0.0,0.0205,0.15,1.7499,0.439
2025-12-30 09:00:00,14.54,67.48,593.4,0.0,0.7071,-0.7071,0.7818,0.6235,-0.0,1.0,0.0,0.0,0.308,0.0496,0.1084,0.0,0.0,0.027,0.02,2.3824,0.4287
2025-12-30 10:00:00,16.25,65.74,723.6,0.0,0.5,-0.866,0.7818,0.6235,-0.0,1.0,0.0,0.0,0.3114,0.052,0.1107,0.0,0.0,0.025,0.02,2.9784,0.308
2025-12-30 11:00:00,17.84,63.14,818.7,0.0,0.2588,-0.9659,0.7818,0.6235,-0.0,1.0,0.0,0.0,0.319,0.0543,0.1131,0.0,0.0,0.0249,0.02,3.2989,0.3114
2025-12-30 12:00:00,19.02,62.3,852.6,0.0,0.0,-1.0,0.7818,0.6235,-0.0,1.0,0.0,0.0,0.8143,0.0456,0.1162,0.0,0.0,0.529,0.02,3.408,0.319
2025-12-30 13:00:00,19.97,59.71,815.9,0.0,-0.2588,-0.9659,0.7818,0.6235,-0.0,1.0,0.0,0.0,0.8184,0.0489,0.1175,0.0,0.0,0.5283,0.02,3.3515,0.8143
2025-12-30 14:00:00,21.86,59.0,743.7,1.0,-0.5,-0.866,0.7818,0.6235,-0.0,1.0,0.0,0.0,1.0223,0.0511,0.1198,0.0,0.0,0.6553,0.09,3.0052,0.8184
2025-12-30 15:00:00,21.29,59.47,598.9,0.0,-0.7071,-0.7071,0.7818,0.6235,-0.0,1.0,0.0,0.0,0.3205,0.0528,0.1169,0.0,0.0,0.0258,0.02,2.4117,1.0223
2025-12-30 16:00:00,20.9,58.59,404.2,1.0,-0.866,-0.5,0.7818,0.6235,-0.0,1.0,0.0,0.0,0.3977,0.0542,0.1192,0.0,0.0,0.0281,0.09,1.6204,0.3205
2025-12-30 17:00:00,20.02,60.16,225.5,3.0,-0.9659,-0.2588,0.7818,0.6235,-0.0,1.0,0.0,0.0,0.4965,0.045,0.1149,0.0,0.0,0.0241,0.21,0.9119,0.3977
2025-12-30 18:00:00,18.91,60.47,0.0,4.0,-1.0,-0.0,0.7818,0.6235,-0.0,1.0,0.0,0.0,0.5668,0.0513,0.1137,0.0,0.0,0.0267,0.27,0.0,0.4965
2025-12-30 19:00:00,17.68,62.8,0.0,3.0,-0.9659,0.2588,0.7818,0.6235,-0.0,1.0,0.0,0.0,1.5401,0.0451,0.1136,0.0,0.0,0.9154,0.36,0.0,0.5668
2025-12-30 20:00:00,16.26,65.87,0.0,4.0,-0.866,0.5,0.7818,0.6235,-0.0,1.0,0.0,0.0,1.7316,0.0529,0.1088,0.0,0.0,1.045,0.42,0.0,1.5401
2025-12-30 21:00:00,13.82,67.41,0.0,4.0,-0.7071,0.7071,0.7818,0.6235,-0.0,1.0,0.0,0.0,1.7258,0.0465,0.1067,0.0,0.0,1.0498,0.42,0.0,1.7316
2025-12-30 22:00:00,12.24,70.03,0.0,2.0,-0.5,0.866,0.7818,0.6235,-0.0,1.0,0.0,0.0,0.5803,0.0539,0.1034,0.0,0.0,0.0202,0.3,0.0,1.7258
2025-12-30 23:00:00,11.0,72.85,0.0,2.0,-0.2588,0.9659,0.7818,0.6235,-0.0,1.0,0.0,0.0,0.5783,0.0466,0.1021,0.0,0.0,0.0241,0.3,0.0,0.5803
2025-12-31 00:00:00,9.95,74.09,0.0,1.0,0.0,1.0,0.9749,-0.2225,-0.0,1.0,0.0,0.0,0.5266,0.0526,0.1018,0.0,0.0,0.0293,0.24,0.0,0.5783
2025-12-31 01:00:00,8.76,76.37,0.0,1.0,0.2588,0.9659,0.9749,-0.2225,-0.0,1.0,0.0,0.0,0.5202,0.0479,0.0993,0.0,0.0,0.0293,0.24,0.0,0.5266
2025-12-31 02:00:00,8.71,76.92,0.0,1.0,0.5,0.866,0.9749,-0.2225,-0.0,1.0,0.0,0.0,0.5198,0.0506,0.0971,0.0,0.0,0.0275,0.24,0.0,0.5202
2025-12-31 03:00:00,7.45,77.36,0.0,1.0,0.7071,0.7071,0.9749,-0.2225,-0.0,1.0,0.0,0.0,0.5167,0.0511,0.0942,0.0,0.0,0.0259,0.24,0.0,0.5198
2025-12-31 04:00:00,7.93,77.53,0.0,1.0,0.866,0.5,0.9749,-0.2225,-0.0,1.0,0.0,0.0,0.5161,0.0471,0.0986,0.0,0.0,0.0269,0.24,0.0,0.5167
2025-12-31 05:00:00,9.38,76.07,0.0,1.0,0.9659,0.2588,0.9749,-0.2225,-0.0,1.0,0.0,0.0,0.5143,0.048,0.0993,0.0,0.0,0.0225,0.24,0.0,0.5161
2025-12-31 06:00:00,9.92,75.36,0.0,2.0,1.0,0.0,0.9749,-0.2225,-0.0,1.0,0.0,0.0,0.5737,0.0461,0.0986,0.0,0.0,0.0249,0.3,0.0,0.5143
2025-12-31 07:00:00,11.53,73.1,230.9,1.0,0.9659,-0.2588,0.9749,-0.2225,-0.0,1.0,0.0,0.0,0.366,0.0451,0.103,0.0,0.0,0.0254,0.09,0.9232,0.5737
2025-12-31 08:00:00,13.51,70.04,420.6,1.0,0.866,-0.5,0.9749,-0.2225,-0.0,1.0,0.0,0.0,0.3686,0.0474,0.1038,0.0,0.0,0.0206,0.09,1.7252,0.366
2025-12-31 09:00:00,14.23,68.78,594.7,0.0,0.7071,-0.7071,0.9749,-0.2225,-0.0,1.0,0.0,0.0,0.3108,0.0502,0.1055,0.0,0.0,0.0287,0.02,2.3823,0.3686
2025-12-31 10:00:00,16.12,65.8,741.4,0.0,0.5,-0.866,0.9749,-0.2225,-0.0,1.0,0.0,0.0,0.3137,0.0521,0.1103,0.0,0.0,0.0246,0.02,2.9756,0.3108
2025-12-31 11:00:00,17.63,63.21,805.6,1.0,0.2588,-0.9659,0.9749,-0.2225,-0.0,1.0,0.0,0.0,0.3866,0.0529,0.1118,0.0,0.0,0.029,0.09,3.2601,0.3137
2025-12-31 12:00:00,18.39,61.73,859.1,0.0,0.0,-1.0,0.9749,-0.2225,-0.0,1.0,0.0,0.0,0.8074,0.0457,0.1127,0.0,0.0,0.5239,0.02,3.4429,0.3866
2025-12-31 13:00:00,19.99,60.79,817.0,0.0,-0.2588,-0.9659,0.9749,-0.2225,-0.0,1.0,0.0,0.0,0.8124,0.0477,0.1166,0.0,0.0,0.5241,0.02,3.3258,0.8074
2025-12-31 14:00:00,21.06,59.48,746.0,0.0,-0.5,-0.866,0.9749,-0.2225,-0.0,1.0,0.0,0.0,0.8184,0.0527,0.1192,0.0,0.0,0.5224,0.02,3.0231,0.8124
2025-12-31 15:00:00,21.16,59.99,613.9,0.0,-0.7071,-0.7071,0.9749,-0.2225,-0.0,1.0,0.0,0.0,0.3172,0.0498,0.1186,0.0,0.0,0.0264,0.02,2.4881,0.8184
2025-12-31 16:00:00,20.97,59.86,431.4,1.0,-0.866,-0.5,0.9749,-0.2225,-0.0,1.0,0.0,0.0,0.3874,0.0468,0.1174,0.0,0.0,0.0255,0.09,1.7739,0.3172
2025-12-31 17:00:00,19.97,60.43,211.9,4.0,-0.9659,-0.2588,0.9749,-0.2225,-0.0,1.0,0.0,0.0,0.5723,0.0489,0.1166,0.0,0.0,0.0291,0.27,0.8634,0.3874
2025-12-31 18:00:00,18.84,60.95,0.0,3.0,-1.0,-0.0,0.9749,-0.2225,-0.0,1.0,0.0,0.0,0.5014,0.0477,0.1149,0.0,0.0,0.0243,0.21,0.0,0.5723
2025-12-31 19:00:00,18.17,63.34,0.0,3.0,-0.9659,0.2588,0.9749,-0.2225,-0.0,1.0,0.0,0.0,1.5433,0.0455,0.1142,0.0,0.0,0.9165,0.36,0.0,0.5014
2025-12-31 20:00:00,15.98,65.69,0.0,3.0,-0.866,0.5,0.9749,-0.2225,-0.0,1.0,0.0,0.0,1.5425,0.0526,0.1088,0.0,0.0,0.9171,0.36,0.0,1.5433
2025-12-31 21:00:00,14.58,68.42,0.0,3.0,-0.7071,0.7071,0.9749,-0.2225,-0.0,1.0,0.0,0.0,1.5323,0.0479,0.1058,0.0,0.0,0.9132,0.36,0.0,1.5425
2025-12-31 22:00:00,12.85,70.74,0.0,3.0,-0.5,0.866,0.9749,-0.2225,-0.0,1.0,0.0,0.0,0.655,0.0545,0.1053,0.0,0.0,0.0288,0.36,0.0,1.5323
2025-12-31 23:00:00,11.74,72.65,0.0,2.0,-0.2588,0.9659,0.9749,-0.2225,-0.0,1.0,0.0,0.0,0.5841,0.0539,0.1013,0.0,0.0,0.0238,0.3,0.0,0.655
